Workbook

Sheet Instruções
A1: EDAV-AL — Planilha de Validade de Conteúdo (CVC) para avaliação por juízes
A2: Legenda: células com fundo amarelo e texto azul são as únicas que devem ser preenchidas/editadas.
A4: Parâmetro | B4: Valor | C4: Observação
A5: Nº de juízes (J) | B5: 5 | C5: Número definido no grupo (5 juízes). As colunas da aba de avaliação têm J1–J5; não altere sem ajustar as colunas.
A6: Nota máxima (Vmax) | B6: 5 | C6: Escala Likert de 1 a 5.
A7: Erro por viés de juízes (Pe) | B7: =(1/B5)^B5 -> 0.00032 | C7: Fórmula: Pe = (1/J)^J.
A8: Ponto de corte — Manter (≥) | B8: 0.8 | C8: Corte usual na literatura brasileira atribuído a Hernández-Nieto (2002); confirme com o critério adotado pela professora.
A9: Ponto de corte — Revisar (≥) | B9: 0.7 | C9: Abaixo desse valor o item é marcado como 'Descartar'. Valor de referência, ajustável.
A11: Como preencher (juízes)
A12: 1. Abra a aba 'Avaliação CVC'. Os itens estão agrupados por dimensão (D1 a D5), com o código, a origem e as versões em que aparecem.
A13: 2. Para cada item, dê uma nota de 1 a 5 em cada um dos três critérios, na coluna do seu juiz (J1 a J5).
A14: 3. Escala: 1 = pouquíssimo · 2 = pouco · 3 = médio · 4 = muito · 5 = muitíssimo.
A15: 4. Se der nota 3 ou menos, descreva o problema/sugestão na coluna 'Observações'.
A16: 5. As colunas de CVC e a decisão só aparecem quando os 5 juízes tiverem avaliado o item nos 3 critérios.
A18: Critérios avaliados
A19: Critério | C19: O que o juiz avalia
A20: Clareza de linguagem | C20: O item é compreensível e sem ambiguidade para o público-alvo (funcionários da UFMG)?
A21: Pertinência prática | C21: O item é adequado à realidade do trabalho dos funcionários da UFMG (docentes, TAEs e terceirizados)?
A22: Relevância teórica | C22: O item representa bem a dimensão em que foi classificado?
A24: Como o CVC é calculado
A25: CVC do critério = (média das notas dos 5 juízes ÷ Vmax) − Pe.
A26: CVC do item = média dos CVC dos 3 critérios. CVC da dimensão = média do CVC dos itens avaliados (aba 'Resumo').
A27: Decisão: Manter (≥ corte de manter) · Revisar (≥ corte de revisar) · Descartar (abaixo). Cortes editáveis nos parâmetros acima.
A29: Juízes (opcional: escreva os nomes)
A30: J1
A31: J2
A32: J3
A33: J4
A34: J5
A36: Exemplo de preenchimento (item fictício, apenas ilustrativo — não entra nos cálculos)
A37: Critério | B37: Notas J1 a J5 | C37: CVC do critério (fórmula)
A38: Clareza de linguagem | B38: 5 · 4 · 5 · 5 · 4 | C38: =ROUND(AVERAGE(5,4,5,5,4)/$B$6-$B$7,4) -> 0.9197
A39: Pertinência prática | B39: 4 · 4 · 5 · 4 · 4 | C39: =ROUND(AVERAGE(4,4,5,4,4)/$B$6-$B$7,4) -> 0.8397
A40: Relevância teórica | B40: 5 · 5 · 4 · 5 · 5 | C40: =ROUND(AVERAGE(5,5,4,5,5)/$B$6-$B$7,4) -> 0.9597
A41: CVC do item (exemplo) | C41: =ROUND(AVERAGE(C38:C40),4) -> 0.9064
A42: Decisão (exemplo) | C42: =IF(C41>=$B$8,"Manter",IF(C41>=$B$9,"Revisar","Descartar")) -> Manter

Sheet Guia Como votar
A1: EDAV-AL — Guia do juiz: como votar
A2: Leia esta aba antes de preencher. Você vai dar notas de 1 a 5 para cada item da aba 'Avaliação CVC', em três critérios, usando apenas a coluna do seu juiz (J1 a J5).
A4: 1. Passo a passo
A5: Etapa | C5: O que fazer
A6: 1. Abra a aba 'Avaliação CVC' | C6: Os itens estão agrupados por dimensão (D1 a D5). Cada linha é um item, com código (ID), item-base, tipo, versões em que aparece e o texto do item.
A7: 2. Descubra qual é a sua coluna | C7: Você é J1, J2, J3, J4 ou J5. Cada critério tem cinco colunas, uma por juiz. Veja a tabela da seção 3 para achar as suas três colunas.
A8: 3. Leia o item com atenção | C8: Avalie o texto da linha, sem se influenciar pelas notas dos colegas. Variantes do mesmo item-base ficam juntas, mas cada linha deve receber a sua própria nota.
A9: 4. Dê três notas de 1 a 5 | C9: Uma nota para cada critério: clareza de linguagem, pertinência prática e relevância teórica. Só números inteiros de 1 a 5 são aceitos; qualquer outro valor é recusado pela planilha.
A10: 5. Explique notas baixas | C10: Se alguma nota for 3 ou menos, ela fica em vermelho e a célula 'Observações / sugestão de reformulação' (última coluna) fica laranja. Descreva o problema e, se puder, sugira uma nova redação.
A11: 6. Confira no final | C11: Todos os itens têm as três notas na sua coluna? As notas ≤ 3 têm observação? Não mexa nas colunas cinzas de CVC e Decisão: elas são calculadas sozinhas.
A13: 2. Escala de notas
A14: Nota | B14: Significado | D14: Leitura sugerida (para o critério que você está avaliando)
A15: 1 | B15: pouquíssimo | D15: O item praticamente não atende ao critério.
A16: 2 | B16: pouco | D16: O item atende só em pequena parte.
A17: 3 | B17: médio | D17: Atende de forma parcial; precisa de ajustes. Escreva uma observação.
A18: 4 | B18: muito | D18: Atende bem; pode haver pequenos ajustes.
A19: 5 | B19: muitíssimo | D19: Atende plenamente ao critério.
A20: Regra da planilha: nota 3 ou menor exige observação. A coluna de observações não entra nos cálculos, mas é o que permite ao grupo reformular o item.
A22: 3. Onde dar cada nota
A23: Critério | B23: O que você avalia | G23: Colunas (J1 a J5)
A24: Clareza de linguagem | B24: O item é compreensível e sem ambiguidade para o público-alvo (funcionários da UFMG)? | G24: H a L
A25: Pertinência prática | B25: O item é adequado à realidade do trabalho dos funcionários da UFMG (docentes, TAEs e terceirizados)? | G25: M a Q
A26: Relevância teórica | B26: O item representa bem a dimensão em que foi classificado? | G26: R a V
A28: Seu juiz | B28: Clareza | D28: Pertinência | F28: Relevância | H28: Nome (aba Instruções)
A29: J1 | B29: coluna H | D29: coluna M | F29: coluna R | H29: =IF(Instruções!$B$30="","",Instruções!$B$30)
A30: J2 | B30: coluna I | D30: coluna N | F30: coluna S | H30: =IF(Instruções!$B$31="","",Instruções!$B$31)
A31: J3 | B31: coluna J | D31: coluna O | F31: coluna T | H31: =IF(Instruções!$B$32="","",Instruções!$B$32)
A32: J4 | B32: coluna K | D32: coluna P | F32: coluna U | H32: =IF(Instruções!$B$33="","",Instruções!$B$33)
A33: J5 | B33: coluna L | D33: coluna Q | F33: coluna V | H33: =IF(Instruções!$B$34="","",Instruções!$B$34)
A34: As demais colunas da aba 'Avaliação CVC' (ID, Dim., Item-base, Tipo, Versões, Item) apenas identificam o item. As colunas W a AA (CVC e Decisão) são automáticas. A coluna AB é para as observações.
A36: 4. Como ler as informações do item
A37: Campo | B37: Significado
A38: ID | B38: Código único do item, no formato dimensão-número (ex.: D1-01).
A39: Dim. | B39: Dimensão em que o item foi classificado (D1 a D5).
A40: Item-base | B40: Código do item-base (B01, B02...). Itens com o mesmo código são versões do mesmo conteúdo; '—' indica item sem item-base.
A41: Tipo | B41: Item-base, variante do item-base ou item novo.
A42: Versões | B42: Versões do instrumento em que o item aparece (v1 a v5).
A44: 5. O que a planilha mostra de volta
A45: Nota ≤ 3 | B45: A célula fica em vermelho.
A46: Observação pendente | B46: A célula de observações fica laranja enquanto houver nota ≤ 3 sem comentário.
A47: CVC e decisão | B47: Só aparecem quando os 5 juízes tiverem dado as 3 notas daquele item. Antes disso, as células ficam vazias; isso é normal.
A48: Decisão | B48: Manter (verde), Revisar (amarelo) ou Descartar (vermelho), conforme os cortes da aba 'Instruções'. Veja como o cálculo funciona na aba 'Guia Cálculos'.
A50: 6. Exemplo de preenchimento (item fictício, não entra nos cálculos)
A51: O juiz J2 avalia um item. Ele dá nota 4 em clareza, 5 em pertinência e 3 em relevância. Como a nota de relevância é 3, ele precisa escrever uma observação.
A52: Critério | B52: Nota do J2 | D52: Onde digitar | F52: Precisa de observação?
A53: Clareza de linguagem | B53: 4 | D53: coluna I | F53: Não
A54: Pertinência prática | B54: 5 | D54: coluna N | F54: Não
A55: Relevância teórica | B55: 3 | D55: coluna S | F55: Sim: nota 3 ou menos. Escreva na coluna AB, por exemplo: 'o item não deixa claro a qual dimensão pertence; sugiro especificar...'
A57: 7. Cuidados
A58: • Preencha somente as células amarelas com texto azul, na coluna do seu juiz.
A59: • Não altere o número de juízes nem apague colunas: as fórmulas contam exatamente cinco juízes por critério.
A60: • Não digite texto, decimais ou notas fora de 1 a 5 nas colunas de notas.
A61: • Não preencha as colunas cinzas (W a AA) nem altere as fórmulas.
A62: • Se um item estiver ambíguo demais para ser avaliado, dê a nota que julgar adequada e explique na observação; deixar o item em branco impede o cálculo do CVC.

Sheet Guia Cálculos
A1: EDAV-AL — Guia dos cálculos do CVC
A2: O CVC (Coeficiente de Validade de Conteúdo) transforma as notas dos 5 juízes em um número entre 0 e 1 para cada critério, cada item e cada dimensão. Os valores desta aba vêm da aba 'Instruções' e acompanham qualquer ajuste feito lá.
A4: 1. Parâmetros usados nas contas
A5: Parâmetro | B5: Valor | C5: Observação
A6: Nº de juízes (J) | B6: =Instruções!$B$5 -> 5 | C6: Cinco juízes. As fórmulas da aba 'Avaliação CVC' usam as colunas J1 a J5.
A7: Nota máxima (Vmax) | B7: =Instruções!$B$6 -> 5 | C7: Escala Likert de 1 a 5.
A8: Erro por viés (Pe) | B8: =Instruções!$B$7 -> 0.00032 | C8: Pe = (1/J)^J. É o desconto aplicado a cada CVC de critério.
A9: Corte para Manter (≥) | B9: =Instruções!$B$8 -> 0.8 | C9: Corte usual na literatura brasileira, atribuído a Hernández-Nieto (2002). Confirme com o critério adotado pela professora.
A10: Corte para Revisar (≥) | B10: =Instruções!$B$9 -> 0.7 | C10: Abaixo desse valor o item é marcado como Descartar. Valor de referência, ajustável.
A11: Verde = valor puxado da aba 'Instruções'. Para mudar um parâmetro, altere-o lá.
A13: 2. O caminho do cálculo, em cinco etapas
A14: Etapa 1 — Média das notas de cada critério
A15: Onde | B15: Aba 'Avaliação CVC', dentro das colunas W, X e Y.
A16: Em palavras | B16: Soma as notas dos 5 juízes naquele critério e divide por 5. Se faltar alguma nota, o CVC do critério fica vazio.
A17: Fórmula (linha 7) | B17: AVERAGE(H7:L7) (clareza) · AVERAGE(M7:Q7) (pertinência) · AVERAGE(R7:V7) (relevância)
A19: Etapa 2 — CVC de cada critério (colunas W, X e Y)
A20: Onde | B20: Aba 'Avaliação CVC': W = clareza, X = pertinência, Y = relevância.
A21: Em palavras | B21: Divide a média pela nota máxima, o que coloca o resultado na escala de 0 a 1, e subtrai o erro por viés Pe. Só calcula quando os 5 juízes avaliaram.
A22: Fórmula (linha 7) | B22: =IF(COUNT(H7:L7)<Instruções!$B$5,"",AVERAGE(H7:L7)/Instruções!$B$6-Instruções!$B$7)
A24: Etapa 3 — CVC do item (coluna Z)
A25: Onde | B25: Aba 'Avaliação CVC', coluna Z.
A26: Em palavras | B26: Média simples dos três CVC de critério. Só aparece quando os três critérios já foram calculados.
A27: Fórmula (linha 7) | B27: =IF(OR(W7="",X7="",Y7=""),"",AVERAGE(W7:Y7))
A29: Etapa 4 — Decisão (coluna AA)
A30: Onde | B30: Aba 'Avaliação CVC', coluna AA.
A31: Em palavras | B31: Compara o CVC do item com os dois cortes: Manter se for igual ou maior que o corte de manter; Revisar se for igual ou maior que o corte de revisar; Descartar se ficar abaixo.
A32: Fórmula (linha 7) | B32: =IF(Z7="","",IF(Z7>=Instruções!$B$8,"Manter",IF(Z7>=Instruções!$B$9,"Revisar","Descartar")))
A34: Etapa 5 — CVC da dimensão (aba 'Resumo')
A35: Onde | B35: Aba 'Resumo', coluna G (e D, E, F para cada critério).
A36: Em palavras | B36: Média do CVC dos itens da dimensão que já têm CVC calculado. Itens ainda incompletos ficam de fora da média.
A37: Fórmula (linha 7) | B37: =IFERROR(AVERAGEIFS('Avaliação CVC'!$Z$6:$Z$165,'Avaliação CVC'!$B$6:$B$165,A4),"")
A39: 3. Exemplo passo a passo (item fictício, não entra nos cálculos)
A40: As contas abaixo são fórmulas reais ligadas aos parâmetros da seção 1. As notas em azul são só do exemplo; mudar essas células não afeta a avaliação.
A41: Critério | B41: J1 | C41: J2 | D41: J3 | E41: J4 | F41: J5 | G41: Média das notas | H41: Média ÷ Vmax | I41: CVC do critério
A42: Clareza de linguagem | B42: 4 | C42: 3 | D42: 4 | E42: 4 | F42: 3 | G42: =AVERAGE(B42:F42) -> 3.6 | H42: =G42/$B$7 -> 0.72 | I42: =H42-$B$8 -> 0.71968
A43: Pertinência prática | B43: 4 | C43: 4 | D43: 3 | E43: 4 | F43: 4 | G43: =AVERAGE(B43:F43) -> 3.8 | H43: =G43/$B$7 -> 0.76 | I43: =H43-$B$8 -> 0.75968
A44: Relevância teórica | B44: 5 | C44: 4 | D44: 4 | E44: 4 | F44: 4 | G44: =AVERAGE(B44:F44) -> 4.2 | H44: =G44/$B$7 -> 0.84 | I44: =H44-$B$8 -> 0.83968
A45: CVC do item = média dos 3 CVC de critério | I45: =AVERAGE(I42:I44) -> 0.77301333
A46: Decisão (compara com os cortes da seção 1) | I46: =IF($I$45>=$B$9,"Manter",IF($I$45>=$B$10,"Revisar","Descartar")) -> Revisar
A47: Neste exemplo, o item fica entre os dois cortes: não atinge o de manter, mas passa o de revisar. A decisão é Revisar: vale reformular o texto antes de decidir se o item permanece.
A49: 4. Como interpretar os números
A50: Pergunta | B50: Resposta
A51: Qual o maior CVC possível? | B51: Quando todos os juízes dão a nota máxima (média = Vmax). O resultado é 1 − Pe, quase 1. | I51: =1-$B$8 -> 0.99968
A52: Qual o menor CVC possível? | B52: Quando todos os juízes dão nota 1 (média = 1). O resultado é 1/Vmax − Pe. | I52: =1/$B$7-$B$8 -> 0.19968
A53: Qual média de notas equivale ao corte de Manter? | B53: Como o CVC do item é a média das notas ÷ Vmax − Pe, a média geral de notas que atinge o corte é (corte + Pe) × Vmax. | I53: =($B$9+$B$8)*$B$7 -> 4.0016
A54: E ao corte de Revisar? | B54: Mesma conta, com o corte de revisar. | I54: =($B$10+$B$8)*$B$7 -> 3.5016
A55: Por que subtrair o Pe? | B55: Pe corrige a chance de os juízes concordarem por acaso. Com 5 juízes ele é muito pequeno (cerca de 0,0003) e muda pouco o resultado, mas faz parte da fórmula do CVC e por isso é mantido.
A56: Nota baixa em um critério | B56: Veja qual dos três CVC de critério (colunas W, X ou Y) puxou o item para baixo. Isso indica o que precisa ser revisado: a linguagem, a adequação ao trabalho ou a ligação com a dimensão.
A58: 5. Aba 'Resumo': o que cada coluna mostra
A59: Coluna | B59: Significado
A60: Nº de itens | B60: Quantidade de itens da dimensão na aba 'Avaliação CVC'.
A61: Itens avaliados (5 juízes) | B61: Quantidade de itens da dimensão que já têm CVC calculado, ou seja, com as 3 notas dos 5 juízes.
A62: CVC clareza, pertinência e relevância | B62: Média dos CVC de cada critério entre os itens avaliados da dimensão.
A63: CVC da dimensão | B63: Média dos CVC dos itens avaliados da dimensão.
A64: Manter, Revisar e Descartar | B64: Quantos itens da dimensão receberam cada decisão.
A65: Linha Total | B65: Média simples de todos os itens avaliados (não é a média das médias das dimensões) e soma das contagens.
A66: Tabela de versões (v1 a v5) | B66: Conta os itens de cada dimensão que aparecem em cada versão; um item presente em várias versões é contado em cada uma.
A68: 6. Pontos de atenção
A69: • As colunas de CVC e a decisão só aparecem quando os 5 juízes avaliaram o item nos 3 critérios. Enquanto isso, a aba 'Resumo' mostra apenas o que já está completo.
A70: • As colunas W a Z usam o valor exato (sem arredondar); a planilha apenas exibe 4 casas decimais. O exemplo da aba 'Instruções' arredonda a 4 casas, por isso pode diferir na 5ª casa.
A71: • Alterar o número de juízes em 'Instruções' não cria novas colunas de nota. Se o grupo mudar o número de juízes, será preciso ajustar as colunas da aba 'Avaliação CVC'.
A72: • Os cortes de 0,80 (Manter) e 0,70 (Revisar) podem ser mudados na aba 'Instruções' e todas as decisões se atualizam.

Sheet Dimensões
A1: Cód. | B1: Dimensão (nome do banco de itens) | C1: Definição | D1: Nome alternativo (versão neutra da justificativa) | E1: Nº de itens únicos | F1: Observação
A2: D1 | B2: Hipervigilância Social Racializada e Adaptativa | C2: Gasto de energia psíquica para antecipar episódios de discriminação. | D2: Carga de vigilância relacional e tensão interpessoal no trabalho | E2: =COUNTIF('Avaliação CVC'!$B$6:$B$175,A2) -> 36 | F2: Presente nas 5 versões (7 itens-base + novos).
A3: D2 | B3: Carga Mental de Transposição de Barreiras | C3: Desgaste decorrente de barreiras arquitetônicas, econômicas e comunicacionais. | D3: Desgaste operacional e carga de transposição de barreiras | E3: =COUNTIF('Avaliação CVC'!$B$6:$B$175,A3) -> 38 | F3: Presente nas 5 versões; na v2 todos os itens são novos.
A4: D3 | B4: Agência Comunitária e Rede de Cuidado Solidário | C4: Fatores de proteção e suporte social interpessoal no campus. | D4: Agência comunitária e rede de suporte institucional | E4: =COUNTIF('Avaliação CVC'!$B$6:$B$175,A4) -> 35 | F4: Presente nas 5 versões; itens de proteção.
A5: D4 | B5: Sentimento de Pertencimento e Desalienação do Espaço | C5: Impacto existencial e relação de inclusão/exclusão do sujeito com a instituição. | D5: Integração institucional e pertencimento no território laboral | E5: =COUNTIF('Avaliação CVC'!$B$6:$B$175,A5) -> 37 | F5: Presente nas 5 versões; itens de proteção.
A6: D5 | B6: Saúde Mental (dimensão proposta só na v2) | C6: RASCUNHO derivado dos itens (não consta nos documentos): condições de trabalho e suporte institucional para a preservação da saúde mental e do bem-estar do trabalhador. | D6: — (sem equivalente na versão neutra) | E6: =COUNTIF('Avaliação CVC'!$B$6:$B$175,A6) -> 9 | F6: Aparece apenas na v2. O grupo decidiu trabalhar com 4 dimensões: definir se D5 permanece, é absorvida por outra dimensão ou sai.
D7: Total | E7: =SUM(E2:E6) -> 155
A9: Nota: nomes e definições de D1–D4 vêm do documento do grupo; a definição de D5 é um rascunho para validação do grupo.

Sheet Avaliação CVC
A1: EDAV-AL — Avaliação dos itens pelos juízes (CVC)
A2: Notas de 1 a 5 nas células amarelas. Itens agrupados por dimensão; variantes do mesmo item-base ficam juntas. Instruções e cortes na aba 'Instruções'.
A3: Escala: 1 = pouquíssimo · 2 = pouco · 3 = médio · 4 = muito · 5 = muitíssimo | Nota ≤ 3 fica em vermelho: descreva o problema/sugestão em Observações (célula laranja até ser preenchida).
A4: ID | B4: Dim. | C4: Item-base | D4: Tipo | E4: Versões | F4: Item | H4: Clareza de linguagem | M4: Pertinência prática | R4: Relevância teórica | W4: CVC clareza | X4: CVC pertinência | Y4: CVC relevância | Z4: CVC do item | AA4: Decisão | AB4: Observações / sugestão de reformulação
H5: J1 | I5: J2 | J5: J3 | K5: J4 | L5: J5 | M5: J1 | N5: J2 | O5: J3 | P5: J4 | Q5: J5 | R5: J1 | S5: J2 | T5: J3 | U5: J4 | V5: J5
A6: D1 — Hipervigilância Social Racializada e Adaptativa Gasto de energia psíquica para antecipar episódios de discriminação.
A7: D1-01 | B7: D1 | C7: B01 | D7: Item-base | E7: v1, v5 | F7: Sinto que preciso prestar atenção dobrada no meu modo de falar ou vestir para evitar ser mal interpretado(a) ou discriminado(a) no campus. | W7: =IF(COUNT(H7:L7)<Instruções!$B$5,"",AVERAGE(H7:L7)/Instruções!$B$6-Instruções!$B$7) | X7: =IF(COUNT(M7:Q7)<Instruções!$B$5,"",AVERAGE(M7:Q7)/Instruções!$B$6-Instruções!$B$7) | Y7: =IF(COUNT(R7:V7)<Instruções!$B$5,"",AVERAGE(R7:V7)/Instruções!$B$6-Instruções!$B$7) | Z7: =IF(OR(W7="",X7="",Y7=""),"",AVERAGE(W7:Y7)) | AA7: =IF(Z7="","",IF(Z7>=Instruções!$B$8,"Manter",IF(Z7>=Instruções!$B$9,"Revisar","Descartar")))
A8: D1-02 | B8: D1 | C8: B01 | D8: Variante do item-base | E8: v2 | F8: Percebo a necessidade de monitorar meu modo de falar ou me comportar para evitar julgamentos ou interpretações distorcidas no trabalho. | W8: =IF(COUNT(H8:L8)<Instruções!$B$5,"",AVERAGE(H8:L8)/Instruções!$B$6-Instruções!$B$7) | X8: =IF(COUNT(M8:Q8)<Instruções!$B$5,"",AVERAGE(M8:Q8)/Instruções!$B$6-Instruções!$B$7) | Y8: =IF(COUNT(R8:V8)<Instruções!$B$5,"",AVERAGE(R8:V8)/Instruções!$B$6-Instruções!$B$7) | Z8: =IF(OR(W8="",X8="",Y8=""),"",AVERAGE(W8:Y8)) | AA8: =IF(Z8="","",IF(Z8>=Instruções!$B$8,"Manter",IF(Z8>=Instruções!$B$9,"Revisar","Descartar")))
A9: D1-03 | B9: D1 | C9: B01 | D9: Variante do item-base | E9: v3 | F9: Sinto que preciso redobrar a atenção no meu modo de falar, vestir ou agir para evitar ser mal interpretado(a) no trabalho. | W9: =IF(COUNT(H9:L9)<Instruções!$B$5,"",AVERAGE(H9:L9)/Instruções!$B$6-Instruções!$B$7) | X9: =IF(COUNT(M9:Q9)<Instruções!$B$5,"",AVERAGE(M9:Q9)/Instruções!$B$6-Instruções!$B$7) | Y9: =IF(COUNT(R9:V9)<Instruções!$B$5,"",AVERAGE(R9:V9)/Instruções!$B$6-Instruções!$B$7) | Z9: =IF(OR(W9="",X9="",Y9=""),"",AVERAGE(W9:Y9)) | AA9: =IF(Z9="","",IF(Z9>=Instruções!$B$8,"Manter",IF(Z9>=Instruções!$B$9,"Revisar","Descartar")))
A10: D1-04 | B10: D1 | C10: B01 | D10: Variante do item-base | E10: v4 | F10: Sinto que preciso prestar atenção na maneira como me comporto para evitar ser discriminado no ambiente de trabalho. | W10: =IF(COUNT(H10:L10)<Instruções!$B$5,"",AVERAGE(H10:L10)/Instruções!$B$6-Instruções!$B$7) | X10: =IF(COUNT(M10:Q10)<Instruções!$B$5,"",AVERAGE(M10:Q10)/Instruções!$B$6-Instruções!$B$7) | Y10: =IF(COUNT(R10:V10)<Instruções!$B$5,"",AVERAGE(R10:V10)/Instruções!$B$6-Instruções!$B$7) | Z10: =IF(OR(W10="",X10="",Y10=""),"",AVERAGE(W10:Y10)) | AA10: =IF(Z10="","",IF(Z10>=Instruções!$B$8,"Manter",IF(Z10>=Instruções!$B$9,"Revisar","Descartar")))
A11: D1-05 | B11: D1 | C11: B02 | D11: Item-base | E11: v1, v4, v5 | F11: Fico tenso(a) ou apreensivo(a) ao circular por determinados prédios ou espaços da universidade, onde vejo poucas pessoas com o meu perfil. | W11: =IF(COUNT(H11:L11)<Instruções!$B$5,"",AVERAGE(H11:L11)/Instruções!$B$6-Instruções!$B$7) | X11: =IF(COUNT(M11:Q11)<Instruções!$B$5,"",AVERAGE(M11:Q11)/Instruções!$B$6-Instruções!$B$7) | Y11: =IF(COUNT(R11:V11)<Instruções!$B$5,"",AVERAGE(R11:V11)/Instruções!$B$6-Instruções!$B$7) | Z11: =IF(OR(W11="",X11="",Y11=""),"",AVERAGE(W11:Y11)) | AA11: =IF(Z11="","",IF(Z11>=Instruções!$B$8,"Manter",IF(Z11>=Instruções!$B$9,"Revisar","Descartar")))
A12: D1-06 | B12: D1 | C12: B02 | D12: Variante do item-base | E12: v2 | F12: Adoto maior reserva ou cautela ao circular por determinados ambientes da universidade onde me sinto pouco integrado. | W12: =IF(COUNT(H12:L12)<Instruções!$B$5,"",AVERAGE(H12:L12)/Instruções!$B$6-Instruções!$B$7) | X12: =IF(COUNT(M12:Q12)<Instruções!$B$5,"",AVERAGE(M12:Q12)/Instruções!$B$6-Instruções!$B$7) | Y12: =IF(COUNT(R12:V12)<Instruções!$B$5,"",AVERAGE(R12:V12)/Instruções!$B$6-Instruções!$B$7) | Z12: =IF(OR(W12="",X12="",Y12=""),"",AVERAGE(W12:Y12)) | AA12: =IF(Z12="","",IF(Z12>=Instruções!$B$8,"Manter",IF(Z12>=Instruções!$B$9,"Revisar","Descartar")))
A13: D1-07 | B13: D1 | C13: B02 | D13: Variante do item-base | E13: v3 | F13: Sinto tensão ao circular por espaços da instituição em que ainda não me sinto familiarizado(a). | W13: =IF(COUNT(H13:L13)<Instruções!$B$5,"",AVERAGE(H13:L13)/Instruções!$B$6-Instruções!$B$7) | X13: =IF(COUNT(M13:Q13)<Instruções!$B$5,"",AVERAGE(M13:Q13)/Instruções!$B$6-Instruções!$B$7) | Y13: =IF(COUNT(R13:V13)<Instruções!$B$5,"",AVERAGE(R13:V13)/Instruções!$B$6-Instruções!$B$7) | Z13: =IF(OR(W13="",X13="",Y13=""),"",AVERAGE(W13:Y13)) | AA13: =IF(Z13="","",IF(Z13>=Instruções!$B$8,"Manter",IF(Z13>=Instruções!$B$9,"Revisar","Descartar")))
A14: D1-08 | B14: D1 | C14: B03 | D14: Item-base | E14: v1, v5 | F14: Sinto a necessidade de demonstrar um desempenho acadêmico/laboral superior ao dos outros para ter o meu valor reconhecido. | W14: =IF(COUNT(H14:L14)<Instruções!$B$5,"",AVERAGE(H14:L14)/Instruções!$B$6-Instruções!$B$7) | X14: =IF(COUNT(M14:Q14)<Instruções!$B$5,"",AVERAGE(M14:Q14)/Instruções!$B$6-Instruções!$B$7) | Y14: =IF(COUNT(R14:V14)<Instruções!$B$5,"",AVERAGE(R14:V14)/Instruções!$B$6-Instruções!$B$7) | Z14: =IF(OR(W14="",X14="",Y14=""),"",AVERAGE(W14:Y14)) | AA14: =IF(Z14="","",IF(Z14>=Instruções!$B$8,"Manter",IF(Z14>=Instruções!$B$9,"Revisar","Descartar")))
A15: D1-09 | B15: D1 | C15: B03 | D15: Variante do item-base | E15: v2 | F15: Sinto a exigência de entregar um desempenho superior para ter meu trabalho devidamente reconhecido na instituição. | W15: =IF(COUNT(H15:L15)<Instruções!$B$5,"",AVERAGE(H15:L15)/Instruções!$B$6-Instruções!$B$7) | X15: =IF(COUNT(M15:Q15)<Instruções!$B$5,"",AVERAGE(M15:Q15)/Instruções!$B$6-Instruções!$B$7) | Y15: =IF(COUNT(R15:V15)<Instruções!$B$5,"",AVERAGE(R15:V15)/Instruções!$B$6-Instruções!$B$7) | Z15: =IF(OR(W15="",X15="",Y15=""),"",AVERAGE(W15:Y15)) | AA15: =IF(Z15="","",IF(Z15>=Instruções!$B$8,"Manter",IF(Z15>=Instruções!$B$9,"Revisar","Descartar")))
A16: D1-10 | B16: D1 | C16: B03 | D16: Variante do item-base | E16: v3 | F16: Sinto a necessidade de demonstrar um desempenho superior ao dos outros para ter o meu valor reconhecido no trabalho. | W16: =IF(COUNT(H16:L16)<Instruções!$B$5,"",AVERAGE(H16:L16)/Instruções!$B$6-Instruções!$B$7) | X16: =IF(COUNT(M16:Q16)<Instruções!$B$5,"",AVERAGE(M16:Q16)/Instruções!$B$6-Instruções!$B$7) | Y16: =IF(COUNT(R16:V16)<Instruções!$B$5,"",AVERAGE(R16:V16)/Instruções!$B$6-Instruções!$B$7) | Z16: =IF(OR(W16="",X16="",Y16=""),"",AVERAGE(W16:Y16)) | AA16: =IF(Z16="","",IF(Z16>=Instruções!$B$8,"Manter",IF(Z16>=Instruções!$B$9,"Revisar","Descartar")))
A17: D1-11 | B17: D1 | C17: B03 | D17: Variante do item-base | E17: v4 | F17: Sinto que preciso demonstrar constantemente minha competência no trabalho. | W17: =IF(COUNT(H17:L17)<Instruções!$B$5,"",AVERAGE(H17:L17)/Instruções!$B$6-Instruções!$B$7) | X17: =IF(COUNT(M17:Q17)<Instruções!$B$5,"",AVERAGE(M17:Q17)/Instruções!$B$6-Instruções!$B$7) | Y17: =IF(COUNT(R17:V17)<Instruções!$B$5,"",AVERAGE(R17:V17)/Instruções!$B$6-Instruções!$B$7) | Z17: =IF(OR(W17="",X17="",Y17=""),"",AVERAGE(W17:Y17)) | AA17: =IF(Z17="","",IF(Z17>=Instruções!$B$8,"Manter",IF(Z17>=Instruções!$B$9,"Revisar","Descartar")))
A18: D1-12 | B18: D1 | C18: B04 | D18: Item-base | E18: v1, v4, v5 | F18: Perco a concentração nas tarefas quando presencio ou escuto comentários preconceituosos velados no ambiente universitário. | W18: =IF(COUNT(H18:L18)<Instruções!$B$5,"",AVERAGE(H18:L18)/Instruções!$B$6-Instruções!$B$7) | X18: =IF(COUNT(M18:Q18)<Instruções!$B$5,"",AVERAGE(M18:Q18)/Instruções!$B$6-Instruções!$B$7) | Y18: =IF(COUNT(R18:V18)<Instruções!$B$5,"",AVERAGE(R18:V18)/Instruções!$B$6-Instruções!$B$7) | Z18: =IF(OR(W18="",X18="",Y18=""),"",AVERAGE(W18:Y18)) | AA18: =IF(Z18="","",IF(Z18>=Instruções!$B$8,"Manter",IF(Z18>=Instruções!$B$9,"Revisar","Descartar")))
... A42: D1-36 | B42: D1 | C42: — | D42: Item novo | E42: v5 | F42: Me sinto cansado(a) mentalmente antes mesmo de chegar no campus apenas por ter que me preparar psicologicamente para as interações sociais no ambiente. | W42: =IF(COUNT(H42:L42)<Instruções!$B$5,"",AVERAGE(H42:L42)/Instruções!$B$6-Instruções!$B$7) | X42: =IF(COUNT(M42:Q42)<Instruções!$B$5,"",AVERAGE(M42:Q42)/Instruções!$B$6-Instruções!$B$7) | Y42: =IF(COUNT(R42:V42)<Instruções!$B$5,"",AVERAGE(R42:V42)/Instruções!$B$6-Instruções!$B$7) | Z42: =IF(OR(W42="",X42="",Y42=""),"",AVERAGE(W42:Y42)) | AA42: =IF(Z42="","",IF(Z42>=Instruções!$B$8,"Manter",IF(Z42>=Instruções!$B$9,"Revisar","Descartar")))
A43: D2 — Carga Mental de Transposição de Barreiras Desgaste decorrente de barreiras arquitetônicas, econômicas e comunicacionais.
A44: D2-01 | B44: D2 | C44: B08 | D44: Item-base | E44: v1, v4, v5 | F44: Gasto energia e tempo significativos do meu dia tentando resolver pendências operacionais ou financeiras de permanência (como transporte, alimentação, bolsas ou acessibilidade). | W44: =IF(COUNT(H44:L44)<Instruções!$B$5,"",AVERAGE(H44:L44)/Instruções!$B$6-Instruções!$B$7) | X44: =IF(COUNT(M44:Q44)<Instruções!$B$5,"",AVERAGE(M44:Q44)/Instruções!$B$6-Instruções!$B$7) | Y44: =IF(COUNT(R44:V44)<Instruções!$B$5,"",AVERAGE(R44:V44)/Instruções!$B$6-Instruções!$B$7) | Z44: =IF(OR(W44="",X44="",Y44=""),"",AVERAGE(W44:Y44)) | AA44: =IF(Z44="","",IF(Z44>=Instruções!$B$8,"Manter",IF(Z44>=Instruções!$B$9,"Revisar","Descartar")))
A45: D2-02 | B45: D2 | C45: B08 | D45: Variante do item-base | E45: v3 | F45: Consumo boa parte do meu dia e da minha energia lidando com a correria para me manter no trabalho, resolvendo problemas com transporte, alimentação e o dinheiro do mês. | W45: =IF(COUNT(H45:L45)<Instruções!$B$5,"",AVERAGE(H45:L45)/Instruções!$B$6-Instruções!$B$7) | X45: =IF(COUNT(M45:Q45)<Instruções!$B$5,"",AVERAGE(M45:Q45)/Instruções!$B$6-Instruções!$B$7) | Y45: =IF(COUNT(R45:V45)<Instruções!$B$5,"",AVERAGE(R45:V45)/Instruções!$B$6-Instruções!$B$7) | Z45: =IF(OR(W45="",X45="",Y45=""),"",AVERAGE(W45:Y45)) | AA45: =IF(Z45="","",IF(Z45>=Instruções!$B$8,"Manter",IF(Z45>=Instruções!$B$9,"Revisar","Descartar")))
A46: D2-03 | B46: D2 | C46: B09 | D46: Item-base | E46: v1, v4, v5 | F46: Sinto-me exausto(a) mentalmente por ter que negociar ou cobrar repetidamente por adaptações ou direitos básicos para conseguir estudar/trabalhar. | W46: =IF(COUNT(H46:L46)<Instruções!$B$5,"",AVERAGE(H46:L46)/Instruções!$B$6-Instruções!$B$7) | X46: =IF(COUNT(M46:Q46)<Instruções!$B$5,"",AVERAGE(M46:Q46)/Instruções!$B$6-Instruções!$B$7) | Y46: =IF(COUNT(R46:V46)<Instruções!$B$5,"",AVERAGE(R46:V46)/Instruções!$B$6-Instruções!$B$7) | Z46: =IF(OR(W46="",X46="",Y46=""),"",AVERAGE(W46:Y46)) | AA46: =IF(Z46="","",IF(Z46>=Instruções!$B$8,"Manter",IF(Z46>=Instruções!$B$9,"Revisar","Descartar")))
A47: D2-04 | B47: D2 | C47: B09 | D47: Variante do item-base | E47: v3 | F47: Sinto-me exausto(a) mentalmente por ter que negociar ou cobrar repetidamente por adaptações ou direitos básicos para conseguir trabalhar. | W47: =IF(COUNT(H47:L47)<Instruções!$B$5,"",AVERAGE(H47:L47)/Instruções!$B$6-Instruções!$B$7) | X47: =IF(COUNT(M47:Q47)<Instruções!$B$5,"",AVERAGE(M47:Q47)/Instruções!$B$6-Instruções!$B$7) | Y47: =IF(COUNT(R47:V47)<Instruções!$B$5,"",AVERAGE(R47:V47)/Instruções!$B$6-Instruções!$B$7) | Z47: =IF(OR(W47="",X47="",Y47=""),"",AVERAGE(W47:Y47)) | AA47: =IF(Z47="","",IF(Z47>=Instruções!$B$8,"Manter",IF(Z47>=Instruções!$B$9,"Revisar","Descartar")))
A48: D2-05 | B48: D2 | C48: B10 | D48: Item-base | E48: v1, v4, v5 | F48: Deixo de participar de atividades acadêmicas ou de lazer no campus por falta de recursos financeiros ou por barreiras de acessibilidade. | W48: =IF(COUNT(H48:L48)<Instruções!$B$5,"",AVERAGE(H48:L48)/Instruções!$B$6-Instruções!$B$7) | X48: =IF(COUNT(M48:Q48)<Instruções!$B$5,"",AVERAGE(M48:Q48)/Instruções!$B$6-Instruções!$B$7) | Y48: =IF(COUNT(R48:V48)<Instruções!$B$5,"",AVERAGE(R48:V48)/Instruções!$B$6-Instruções!$B$7) | Z48: =IF(OR(W48="",X48="",Y48=""),"",AVERAGE(W48:Y48)) | AA48: =IF(Z48="","",IF(Z48>=Instruções!$B$8,"Manter",IF(Z48>=Instruções!$B$9,"Revisar","Descartar")))
A49: D2-06 | B49: D2 | C49: B10 | D49: Variante do item-base | E49: v3 | F49: Deixo de ir a eventos, momentos de descanso ou atividades no trabalho por falta de dinheiro ou por dificuldade para me deslocar. | W49: =IF(COUNT(H49:L49)<Instruções!$B$5,"",AVERAGE(H49:L49)/Instruções!$B$6-Instruções!$B$7) | X49: =IF(COUNT(M49:Q49)<Instruções!$B$5,"",AVERAGE(M49:Q49)/Instruções!$B$6-Instruções!$B$7) | Y49: =IF(COUNT(R49:V49)<Instruções!$B$5,"",AVERAGE(R49:V49)/Instruções!$B$6-Instruções!$B$7) | Z49: =IF(OR(W49="",X49="",Y49=""),"",AVERAGE(W49:Y49)) | AA49: =IF(Z49="","",IF(Z49>=Instruções!$B$8,"Manter",IF(Z49>=Instruções!$B$9,"Revisar","Descartar")))
A50: D2-07 | B50: D2 | C50: B11 | D50: Item-base | E50: v1 | F50: Tenho dificuldades para dormir ou relaxar devido à preocupação constante com a minha continuidade na universidade. | W50: =IF(COUNT(H50:L50)<Instruções!$B$5,"",AVERAGE(H50:L50)/Instruções!$B$6-Instruções!$B$7) | X50: =IF(COUNT(M50:Q50)<Instruções!$B$5,"",AVERAGE(M50:Q50)/Instruções!$B$6-Instruções!$B$7) | Y50: =IF(COUNT(R50:V50)<Instruções!$B$5,"",AVERAGE(R50:V50)/Instruções!$B$6-Instruções!$B$7) | Z50: =IF(OR(W50="",X50="",Y50=""),"",AVERAGE(W50:Y50)) | AA50: =IF(Z50="","",IF(Z50>=Instruções!$B$8,"Manter",IF(Z50>=Instruções!$B$9,"Revisar","Descartar")))
A51: D2-08 | B51: D2 | C51: B11 | D51: Variante do item-base | E51: v3, v4 | F51: Tenho dificuldades para dormir ou relaxar devido à preocupação constante com a minha continuidade no trabalho. | W51: =IF(COUNT(H51:L51)<Instruções!$B$5,"",AVERAGE(H51:L51)/Instruções!$B$6-Instruções!$B$7) | X51: =IF(COUNT(M51:Q51)<Instruções!$B$5,"",AVERAGE(M51:Q51)/Instruções!$B$6-Instruções!$B$7) | Y51: =IF(COUNT(R51:V51)<Instruções!$B$5,"",AVERAGE(R51:V51)/Instruções!$B$6-Instruções!$B$7) | Z51: =IF(OR(W51="",X51="",Y51=""),"",AVERAGE(W51:Y51)) | AA51: =IF(Z51="","",IF(Z51>=Instruções!$B$8,"Manter",IF(Z51>=Instruções!$B$9,"Revisar","Descartar")))
A52: D2-09 | B52: D2 | C52: B11 | D52: Variante do item-base | E52: v5 | F52: Tenho dificuldades para dormir ou relaxar devido à preocupação constante com a minha continuidade acadêmica ou por medo de ser demitida. | W52: =IF(COUNT(H52:L52)<Instruções!$B$5,"",AVERAGE(H52:L52)/Instruções!$B$6-Instruções!$B$7) | X52: =IF(COUNT(M52:Q52)<Instruções!$B$5,"",AVERAGE(M52:Q52)/Instruções!$B$6-Instruções!$B$7) | Y52: =IF(COUNT(R52:V52)<Instruções!$B$5,"",AVERAGE(R52:V52)/Instruções!$B$6-Instruções!$B$7) | Z52: =IF(OR(W52="",X52="",Y52=""),"",AVERAGE(W52:Y52)) | AA52: =IF(Z52="","",IF(Z52>=Instruções!$B$8,"Manter",IF(Z52>=Instruções!$B$9,"Revisar","Descartar")))
A53: D2-10 | B53: D2 | C53: B12 | D53: Item-base | E53: v1, v5 | F53: Sinto que o desgaste para superar as barreiras de infraestrutura ou rotina da universidade prejudica minha saúde física ou mental. | W53: =IF(COUNT(H53:L53)<Instruções!$B$5,"",AVERAGE(H53:L53)/Instruções!$B$6-Instruções!$B$7) | X53: =IF(COUNT(M53:Q53)<Instruções!$B$5,"",AVERAGE(M53:Q53)/Instruções!$B$6-Instruções!$B$7) | Y53: =IF(COUNT(R53:V53)<Instruções!$B$5,"",AVERAGE(R53:V53)/Instruções!$B$6-Instruções!$B$7) | Z53: =IF(OR(W53="",X53="",Y53=""),"",AVERAGE(W53:Y53)) | AA53: =IF(Z53="","",IF(Z53>=Instruções!$B$8,"Manter",IF(Z53>=Instruções!$B$9,"Revisar","Descartar")))
A54: D2-11 | B54: D2 | C54: B12 | D54: Variante do item-base | E54: v3, v4 | F54: Sinto que o desgaste para superar as barreiras de infraestrutura ou rotina do trabalho prejudica minha saúde física ou mental. | W54: =IF(COUNT(H54:L54)<Instruções!$B$5,"",AVERAGE(H54:L54)/Instruções!$B$6-Instruções!$B$7) | X54: =IF(COUNT(M54:Q54)<Instruções!$B$5,"",AVERAGE(M54:Q54)/Instruções!$B$6-Instruções!$B$7) | Y54: =IF(COUNT(R54:V54)<Instruções!$B$5,"",AVERAGE(R54:V54)/Instruções!$B$6-Instruções!$B$7) | Z54: =IF(OR(W54="",X54="",Y54=""),"",AVERAGE(W54:Y54)) | AA54: =IF(Z54="","",IF(Z54>=Instruções!$B$8,"Manter",IF(Z54>=Instruções!$B$9,"Revisar","Descartar")))
A55: D2-12 | B55: D2 | C55: B13 | D55: Item-base | E55: v1, v5 | F55: Sinto-me fisicamente e mentalmente exausto(a) no final do dia devido ao esforço de locomoção ou falta de acessibilidade adequada no campus. | W55: =IF(COUNT(H55:L55)<Instruções!$B$5,"",AVERAGE(H55:L55)/Instruções!$B$6-Instruções!$B$7) | X55: =IF(COUNT(M55:Q55)<Instruções!$B$5,"",AVERAGE(M55:Q55)/Instruções!$B$6-Instruções!$B$7) | Y55: =IF(COUNT(R55:V55)<Instruções!$B$5,"",AVERAGE(R55:V55)/Instruções!$B$6-Instruções!$B$7) | Z55: =IF(OR(W55="",X55="",Y55=""),"",AVERAGE(W55:Y55)) | AA55: =IF(Z55="","",IF(Z55>=Instruções!$B$8,"Manter",IF(Z55>=Instruções!$B$9,"Revisar","Descartar")))
... A81: D2-38 | B81: D2 | C81: — | D81: Item novo | E81: v5 | F81: Sinto dores ou desconfortos físicos no corpo que associo ao esforço para realizar as tarefas e com a falta de equipamentos corretos. | W81: =IF(COUNT(H81:L81)<Instruções!$B$5,"",AVERAGE(H81:L81)/Instruções!$B$6-Instruções!$B$7) | X81: =IF(COUNT(M81:Q81)<Instruções!$B$5,"",AVERAGE(M81:Q81)/Instruções!$B$6-Instruções!$B$7) | Y81: =IF(COUNT(R81:V81)<Instruções!$B$5,"",AVERAGE(R81:V81)/Instruções!$B$6-Instruções!$B$7) | Z81: =IF(OR(W81="",X81="",Y81=""),"",AVERAGE(W81:Y81)) | AA81: =IF(Z81="","",IF(Z81>=Instruções!$B$8,"Manter",IF(Z81>=Instruções!$B$9,"Revisar","Descartar")))
A82: D3 — Agência Comunitária e Rede de Cuidado Solidário Fatores de proteção e suporte social interpessoal no campus.
A83: D3-01 | B83: D3 | C83: B15 | D83: Item-base | E83: v1, v4, v5 | F83: Encontro apoio e acolhimento em colegas ou coletivos dentro do campus quando me sinto sobrecarregado(a). | W83: =IF(COUNT(H83:L83)<Instruções!$B$5,"",AVERAGE(H83:L83)/Instruções!$B$6-Instruções!$B$7) | X83: =IF(COUNT(M83:Q83)<Instruções!$B$5,"",AVERAGE(M83:Q83)/Instruções!$B$6-Instruções!$B$7) | Y83: =IF(COUNT(R83:V83)<Instruções!$B$5,"",AVERAGE(R83:V83)/Instruções!$B$6-Instruções!$B$7) | Z83: =IF(OR(W83="",X83="",Y83=""),"",AVERAGE(W83:Y83)) | AA83: =IF(Z83="","",IF(Z83>=Instruções!$B$8,"Manter",IF(Z83>=Instruções!$B$9,"Revisar","Descartar")))
A84: D3-02 | B84: D3 | C84: B15 | D84: Variante do item-base | E84: v2 | F84: Encontro apoio e acolhimento em colegas, equipes ou coletivos no campus diante de situações de sobrecarga. | W84: =IF(COUNT(H84:L84)<Instruções!$B$5,"",AVERAGE(H84:L84)/Instruções!$B$6-Instruções!$B$7) | X84: =IF(COUNT(M84:Q84)<Instruções!$B$5,"",AVERAGE(M84:Q84)/Instruções!$B$6-Instruções!$B$7) | Y84: =IF(COUNT(R84:V84)<Instruções!$B$5,"",AVERAGE(R84:V84)/Instruções!$B$6-Instruções!$B$7) | Z84: =IF(OR(W84="",X84="",Y84=""),"",AVERAGE(W84:Y84)) | AA84: =IF(Z84="","",IF(Z84>=Instruções!$B$8,"Manter",IF(Z84>=Instruções!$B$9,"Revisar","Descartar")))
A85: D3-03 | B85: D3 | C85: B15 | D85: Variante do item-base | E85: v3 | F85: Encontro apoio e acolhimento em colegas ou coletivos dentro do trabalho quando me sinto sobrecarregado(a). | W85: =IF(COUNT(H85:L85)<Instruções!$B$5,"",AVERAGE(H85:L85)/Instruções!$B$6-Instruções!$B$7) | X85: =IF(COUNT(M85:Q85)<Instruções!$B$5,"",AVERAGE(M85:Q85)/Instruções!$B$6-Instruções!$B$7) | Y85: =IF(COUNT(R85:V85)<Instruções!$B$5,"",AVERAGE(R85:V85)/Instruções!$B$6-Instruções!$B$7) | Z85: =IF(OR(W85="",X85="",Y85=""),"",AVERAGE(W85:Y85)) | AA85: =IF(Z85="","",IF(Z85>=Instruções!$B$8,"Manter",IF(Z85>=Instruções!$B$9,"Revisar","Descartar")))
A86: D3-04 | B86: D3 | C86: B16 | D86: Item-base | E86: v1, v3, v4, v5 | F86: Consigo conversar abertamente com pessoas da universidade sobre as dificuldades que enfrento no meu dia a dia. | W86: =IF(COUNT(H86:L86)<Instruções!$B$5,"",AVERAGE(H86:L86)/Instruções!$B$6-Instruções!$B$7) | X86: =IF(COUNT(M86:Q86)<Instruções!$B$5,"",AVERAGE(M86:Q86)/Instruções!$B$6-Instruções!$B$7) | Y86: =IF(COUNT(R86:V86)<Instruções!$B$5,"",AVERAGE(R86:V86)/Instruções!$B$6-Instruções!$B$7) | Z86: =IF(OR(W86="",X86="",Y86=""),"",AVERAGE(W86:Y86)) | AA86: =IF(Z86="","",IF(Z86>=Instruções!$B$8,"Manter",IF(Z86>=Instruções!$B$9,"Revisar","Descartar")))
A87: D3-05 | B87: D3 | C87: B16 | D87: Variante do item-base | E87: v2 | F87: Identifico abertura para conversar sobre as dificuldades do meu cotidiano com pessoas da comunidade universitária. | W87: =IF(COUNT(H87:L87)<Instruções!$B$5,"",AVERAGE(H87:L87)/Instruções!$B$6-Instruções!$B$7) | X87: =IF(COUNT(M87:Q87)<Instruções!$B$5,"",AVERAGE(M87:Q87)/Instruções!$B$6-Instruções!$B$7) | Y87: =IF(COUNT(R87:V87)<Instruções!$B$5,"",AVERAGE(R87:V87)/Instruções!$B$6-Instruções!$B$7) | Z87: =IF(OR(W87="",X87="",Y87=""),"",AVERAGE(W87:Y87)) | AA87: =IF(Z87="","",IF(Z87>=Instruções!$B$8,"Manter",IF(Z87>=Instruções!$B$9,"Revisar","Descartar")))
A88: D3-06 | B88: D3 | C88: B17 | D88: Item-base | E88: v1, v3, v4, v5 | F88: Participo de espaços ou redes de apoio mútuo que me ajudam a manter a motivação para continuar na instituição. | W88: =IF(COUNT(H88:L88)<Instruções!$B$5,"",AVERAGE(H88:L88)/Instruções!$B$6-Instruções!$B$7) | X88: =IF(COUNT(M88:Q88)<Instruções!$B$5,"",AVERAGE(M88:Q88)/Instruções!$B$6-Instruções!$B$7) | Y88: =IF(COUNT(R88:V88)<Instruções!$B$5,"",AVERAGE(R88:V88)/Instruções!$B$6-Instruções!$B$7) | Z88: =IF(OR(W88="",X88="",Y88=""),"",AVERAGE(W88:Y88)) | AA88: =IF(Z88="","",IF(Z88>=Instruções!$B$8,"Manter",IF(Z88>=Instruções!$B$9,"Revisar","Descartar")))
A89: D3-07 | B89: D3 | C89: B17 | D89: Variante do item-base | E89: v2 | F89: Participo de redes ou espaços de apoio mútuo que auxiliam na manutenção do engajamento com o trabalho. | W89: =IF(COUNT(H89:L89)<Instruções!$B$5,"",AVERAGE(H89:L89)/Instruções!$B$6-Instruções!$B$7) | X89: =IF(COUNT(M89:Q89)<Instruções!$B$5,"",AVERAGE(M89:Q89)/Instruções!$B$6-Instruções!$B$7) | Y89: =IF(COUNT(R89:V89)<Instruções!$B$5,"",AVERAGE(R89:V89)/Instruções!$B$6-Instruções!$B$7) | Z89: =IF(OR(W89="",X89="",Y89=""),"",AVERAGE(W89:Y89)) | AA89: =IF(Z89="","",IF(Z89>=Instruções!$B$8,"Manter",IF(Z89>=Instruções!$B$9,"Revisar","Descartar")))
A90: D3-08 | B90: D3 | C90: B18 | D90: Item-base | E90: v1, v4, v5 | F90: Sinto que minhas vivências e opiniões são acolhidas e respeitadas por pelo menos um grupo ou professor/supervisor no campus. | W90: =IF(COUNT(H90:L90)<Instruções!$B$5,"",AVERAGE(H90:L90)/Instruções!$B$6-Instruções!$B$7) | X90: =IF(COUNT(M90:Q90)<Instruções!$B$5,"",AVERAGE(M90:Q90)/Instruções!$B$6-Instruções!$B$7) | Y90: =IF(COUNT(R90:V90)<Instruções!$B$5,"",AVERAGE(R90:V90)/Instruções!$B$6-Instruções!$B$7) | Z90: =IF(OR(W90="",X90="",Y90=""),"",AVERAGE(W90:Y90)) | AA90: =IF(Z90="","",IF(Z90>=Instruções!$B$8,"Manter",IF(Z90>=Instruções!$B$9,"Revisar","Descartar")))
A91: D3-09 | B91: D3 | C91: B18 | D91: Variante do item-base | E91: v2 | F91: Percebo que minhas vivências e opiniões são acolhidas e respeitadas por colegas ou lideranças no campus. | W91: =IF(COUNT(H91:L91)<Instruções!$B$5,"",AVERAGE(H91:L91)/Instruções!$B$6-Instruções!$B$7) | X91: =IF(COUNT(M91:Q91)<Instruções!$B$5,"",AVERAGE(M91:Q91)/Instruções!$B$6-Instruções!$B$7) | Y91: =IF(COUNT(R91:V91)<Instruções!$B$5,"",AVERAGE(R91:V91)/Instruções!$B$6-Instruções!$B$7) | Z91: =IF(OR(W91="",X91="",Y91=""),"",AVERAGE(W91:Y91)) | AA91: =IF(Z91="","",IF(Z91>=Instruções!$B$8,"Manter",IF(Z91>=Instruções!$B$9,"Revisar","Descartar")))
A92: D3-10 | B92: D3 | C92: B18 | D92: Variante do item-base | E92: v3 | F92: Sinto que a minha opinião e a minha vida importam e são respeitadas por pelo menos algum grupo de trabalho ou por um supervisor aqui no local. | W92: =IF(COUNT(H92:L92)<Instruções!$B$5,"",AVERAGE(H92:L92)/Instruções!$B$6-Instruções!$B$7) | X92: =IF(COUNT(M92:Q92)<Instruções!$B$5,"",AVERAGE(M92:Q92)/Instruções!$B$6-Instruções!$B$7) | Y92: =IF(COUNT(R92:V92)<Instruções!$B$5,"",AVERAGE(R92:V92)/Instruções!$B$6-Instruções!$B$7) | Z92: =IF(OR(W92="",X92="",Y92=""),"",AVERAGE(W92:Y92)) | AA92: =IF(Z92="","",IF(Z92>=Instruções!$B$8,"Manter",IF(Z92>=Instruções!$B$9,"Revisar","Descartar")))
A93: D3-11 | B93: D3 | C93: B19 | D93: Item-base | E93: v1, v4 | F93: Recorro a amigos, colegas de trabalho ou grupos de convivência na faculdade para me reestruturar após momentos difíceis. | W93: =IF(COUNT(H93:L93)<Instruções!$B$5,"",AVERAGE(H93:L93)/Instruções!$B$6-Instruções!$B$7) | X93: =IF(COUNT(M93:Q93)<Instruções!$B$5,"",AVERAGE(M93:Q93)/Instruções!$B$6-Instruções!$B$7) | Y93: =IF(COUNT(R93:V93)<Instruções!$B$5,"",AVERAGE(R93:V93)/Instruções!$B$6-Instruções!$B$7) | Z93: =IF(OR(W93="",X93="",Y93=""),"",AVERAGE(W93:Y93)) | AA93: =IF(Z93="","",IF(Z93>=Instruções!$B$8,"Manter",IF(Z93>=Instruções!$B$9,"Revisar","Descartar")))
A94: D3-12 | B94: D3 | C94: B19 | D94: Variante do item-base | E94: v2 | F94: Recorro a amigos, colegas ou grupos de convivência na instituição para reestruturação após momentos de desgaste. | W94: =IF(COUNT(H94:L94)<Instruções!$B$5,"",AVERAGE(H94:L94)/Instruções!$B$6-Instruções!$B$7) | X94: =IF(COUNT(M94:Q94)<Instruções!$B$5,"",AVERAGE(M94:Q94)/Instruções!$B$6-Instruções!$B$7) | Y94: =IF(COUNT(R94:V94)<Instruções!$B$5,"",AVERAGE(R94:V94)/Instruções!$B$6-Instruções!$B$7) | Z94: =IF(OR(W94="",X94="",Y94=""),"",AVERAGE(W94:Y94)) | AA94: =IF(Z94="","",IF(Z94>=Instruções!$B$8,"Manter",IF(Z94>=Instruções!$B$9,"Revisar","Descartar")))
... A117: D3-35 | B117: D3 | C117: — | D117: Item novo | E117: v5 | F117: Conseguimos nos reunir entre colegas para criar soluções conjuntas quanto as pressões que sofremos. | W117: =IF(COUNT(H117:L117)<Instruções!$B$5,"",AVERAGE(H117:L117)/Instruções!$B$6-Instruções!$B$7) | X117: =IF(COUNT(M117:Q117)<Instruções!$B$5,"",AVERAGE(M117:Q117)/Instruções!$B$6-Instruções!$B$7) | Y117: =IF(COUNT(R117:V117)<Instruções!$B$5,"",AVERAGE(R117:V117)/Instruções!$B$6-Instruções!$B$7) | Z117: =IF(OR(W117="",X117="",Y117=""),"",AVERAGE(W117:Y117)) | AA117: =IF(Z117="","",IF(Z117>=Instruções!$B$8,"Manter",IF(Z117>=Instruções!$B$9,"Revisar","Descartar")))
A118: D4 — Sentimento de Pertencimento e Desalienação do Espaço Impacto existencial e relação de inclusão/exclusão do sujeito com a instituição.
A119: D4-01 | B119: D4 | C119: B22 | D119: Item-base | E119: v1, v4 | F119: Sinto que a universidade é um lugar ao qual eu pertenço de fato. | W119: =IF(COUNT(H119:L119)<Instruções!$B$5,"",AVERAGE(H119:L119)/Instruções!$B$6-Instruções!$B$7) | X119: =IF(COUNT(M119:Q119)<Instruções!$B$5,"",AVERAGE(M119:Q119)/Instruções!$B$6-Instruções!$B$7) | Y119: =IF(COUNT(R119:V119)<Instruções!$B$5,"",AVERAGE(R119:V119)/Instruções!$B$6-Instruções!$B$7) | Z119: =IF(OR(W119="",X119="",Y119=""),"",AVERAGE(W119:Y119)) | AA119: =IF(Z119="","",IF(Z119>=Instruções!$B$8,"Manter",IF(Z119>=Instruções!$B$9,"Revisar","Descartar")))
A120: D4-02 | B120: D4 | C120: B22 | D120: Variante do item-base | E120: v2 | F120: Percebo a universidade como um ambiente acolhedor e favorável para o desenvolvimento do meu trabalho. | W120: =IF(COUNT(H120:L120)<Instruções!$B$5,"",AVERAGE(H120:L120)/Instruções!$B$6-Instruções!$B$7) | X120: =IF(COUNT(M120:Q120)<Instruções!$B$5,"",AVERAGE(M120:Q120)/Instruções!$B$6-Instruções!$B$7) | Y120: =IF(COUNT(R120:V120)<Instruções!$B$5,"",AVERAGE(R120:V120)/Instruções!$B$6-Instruções!$B$7) | Z120: =IF(OR(W120="",X120="",Y120=""),"",AVERAGE(W120:Y120)) | AA120: =IF(Z120="","",IF(Z120>=Instruções!$B$8,"Manter",IF(Z120>=Instruções!$B$9,"Revisar","Descartar")))
A121: D4-03 | B121: D4 | C121: B22 | D121: Variante do item-base | E121: v3 | F121: Sinto que a universidade é um lugar ao qual me sinto acolhida(o) e valorizada(o). | W121: =IF(COUNT(H121:L121)<Instruções!$B$5,"",AVERAGE(H121:L121)/Instruções!$B$6-Instruções!$B$7) | X121: =IF(COUNT(M121:Q121)<Instruções!$B$5,"",AVERAGE(M121:Q121)/Instruções!$B$6-Instruções!$B$7) | Y121: =IF(COUNT(R121:V121)<Instruções!$B$5,"",AVERAGE(R121:V121)/Instruções!$B$6-Instruções!$B$7) | Z121: =IF(OR(W121="",X121="",Y121=""),"",AVERAGE(W121:Y121)) | AA121: =IF(Z121="","",IF(Z121>=Instruções!$B$8,"Manter",IF(Z121>=Instruções!$B$9,"Revisar","Descartar")))
A122: D4-04 | B122: D4 | C122: B22 | D122: Variante do item-base | E122: v5 | F122: Sinto que a universidade é um lugar ao qual eu pertenço de fato e me sinto bem. | W122: =IF(COUNT(H122:L122)<Instruções!$B$5,"",AVERAGE(H122:L122)/Instruções!$B$6-Instruções!$B$7) | X122: =IF(COUNT(M122:Q122)<Instruções!$B$5,"",AVERAGE(M122:Q122)/Instruções!$B$6-Instruções!$B$7) | Y122: =IF(COUNT(R122:V122)<Instruções!$B$5,"",AVERAGE(R122:V122)/Instruções!$B$6-Instruções!$B$7) | Z122: =IF(OR(W122="",X122="",Y122=""),"",AVERAGE(W122:Y122)) | AA122: =IF(Z122="","",IF(Z122>=Instruções!$B$8,"Manter",IF(Z122>=Instruções!$B$9,"Revisar","Descartar")))
A123: D4-05 | B123: D4 | C123: B23 | D123: Item-base | E123: v1 | F123: Percebo que o meu trabalho ou a minha presença como estudante contribui de forma significativa para a comunidade universitária. | W123: =IF(COUNT(H123:L123)<Instruções!$B$5,"",AVERAGE(H123:L123)/Instruções!$B$6-Instruções!$B$7) | X123: =IF(COUNT(M123:Q123)<Instruções!$B$5,"",AVERAGE(M123:Q123)/Instruções!$B$6-Instruções!$B$7) | Y123: =IF(COUNT(R123:V123)<Instruções!$B$5,"",AVERAGE(R123:V123)/Instruções!$B$6-Instruções!$B$7) | Z123: =IF(OR(W123="",X123="",Y123=""),"",AVERAGE(W123:Y123)) | AA123: =IF(Z123="","",IF(Z123>=Instruções!$B$8,"Manter",IF(Z123>=Instruções!$B$9,"Revisar","Descartar")))
A124: D4-06 | B124: D4 | C124: B23 | D124: Variante do item-base | E124: v2 | F124: Identifico que o meu trabalho e a minha presença como colaborador são reconhecidos de forma significativa pela comunidade universitária. | W124: =IF(COUNT(H124:L124)<Instruções!$B$5,"",AVERAGE(H124:L124)/Instruções!$B$6-Instruções!$B$7) | X124: =IF(COUNT(M124:Q124)<Instruções!$B$5,"",AVERAGE(M124:Q124)/Instruções!$B$6-Instruções!$B$7) | Y124: =IF(COUNT(R124:V124)<Instruções!$B$5,"",AVERAGE(R124:V124)/Instruções!$B$6-Instruções!$B$7) | Z124: =IF(OR(W124="",X124="",Y124=""),"",AVERAGE(W124:Y124)) | AA124: =IF(Z124="","",IF(Z124>=Instruções!$B$8,"Manter",IF(Z124>=Instruções!$B$9,"Revisar","Descartar")))
A125: D4-07 | B125: D4 | C125: B23 | D125: Variante do item-base | E125: v3 | F125: Percebo que o meu trabalho ou a minha presença contribuem de forma significativa para a comunidade universitária. | W125: =IF(COUNT(H125:L125)<Instruções!$B$5,"",AVERAGE(H125:L125)/Instruções!$B$6-Instruções!$B$7) | X125: =IF(COUNT(M125:Q125)<Instruções!$B$5,"",AVERAGE(M125:Q125)/Instruções!$B$6-Instruções!$B$7) | Y125: =IF(COUNT(R125:V125)<Instruções!$B$5,"",AVERAGE(R125:V125)/Instruções!$B$6-Instruções!$B$7) | Z125: =IF(OR(W125="",X125="",Y125=""),"",AVERAGE(W125:Y125)) | AA125: =IF(Z125="","",IF(Z125>=Instruções!$B$8,"Manter",IF(Z125>=Instruções!$B$9,"Revisar","Descartar")))
A126: D4-08 | B126: D4 | C126: B23 | D126: Variante do item-base | E126: v4 | F126: Percebo que o meu trabalho contribui para a comunidade universitária. | W126: =IF(COUNT(H126:L126)<Instruções!$B$5,"",AVERAGE(H126:L126)/Instruções!$B$6-Instruções!$B$7) | X126: =IF(COUNT(M126:Q126)<Instruções!$B$5,"",AVERAGE(M126:Q126)/Instruções!$B$6-Instruções!$B$7) | Y126: =IF(COUNT(R126:V126)<Instruções!$B$5,"",AVERAGE(R126:V126)/Instruções!$B$6-Instruções!$B$7) | Z126: =IF(OR(W126="",X126="",Y126=""),"",AVERAGE(W126:Y126)) | AA126: =IF(Z126="","",IF(Z126>=Instruções!$B$8,"Manter",IF(Z126>=Instruções!$B$9,"Revisar","Descartar")))
A127: D4-09 | B127: D4 | C127: B23 | D127: Variante do item-base | E127: v5 | F127: Percebo que o meu papel de funcionário ou de estudante contribui de forma significativa para a comunidade universitária. | W127: =IF(COUNT(H127:L127)<Instruções!$B$5,"",AVERAGE(H127:L127)/Instruções!$B$6-Instruções!$B$7) | X127: =IF(COUNT(M127:Q127)<Instruções!$B$5,"",AVERAGE(M127:Q127)/Instruções!$B$6-Instruções!$B$7) | Y127: =IF(COUNT(R127:V127)<Instruções!$B$5,"",AVERAGE(R127:V127)/Instruções!$B$6-Instruções!$B$7) | Z127: =IF(OR(W127="",X127="",Y127=""),"",AVERAGE(W127:Y127)) | AA127: =IF(Z127="","",IF(Z127>=Instruções!$B$8,"Manter",IF(Z127>=Instruções!$B$9,"Revisar","Descartar")))
A128: D4-10 | B128: D4 | C128: B24 | D128: Item-base | E128: v1, v4, v5 | F128: Sinto-me confortável para ocupar e utilizar os espaços físicos, culturais e de lazer do campus. | W128: =IF(COUNT(H128:L128)<Instruções!$B$5,"",AVERAGE(H128:L128)/Instruções!$B$6-Instruções!$B$7) | X128: =IF(COUNT(M128:Q128)<Instruções!$B$5,"",AVERAGE(M128:Q128)/Instruções!$B$6-Instruções!$B$7) | Y128: =IF(COUNT(R128:V128)<Instruções!$B$5,"",AVERAGE(R128:V128)/Instruções!$B$6-Instruções!$B$7) | Z128: =IF(OR(W128="",X128="",Y128=""),"",AVERAGE(W128:Y128)) | AA128: =IF(Z128="","",IF(Z128>=Instruções!$B$8,"Manter",IF(Z128>=Instruções!$B$9,"Revisar","Descartar")))
A129: D4-11 | B129: D4 | C129: B24 | D129: Variante do item-base | E129: v2 | F129: Encontro facilidade para ocupar e utilizar os espaços físicos, culturais e de convivência do campus. | W129: =IF(COUNT(H129:L129)<Instruções!$B$5,"",AVERAGE(H129:L129)/Instruções!$B$6-Instruções!$B$7) | X129: =IF(COUNT(M129:Q129)<Instruções!$B$5,"",AVERAGE(M129:Q129)/Instruções!$B$6-Instruções!$B$7) | Y129: =IF(COUNT(R129:V129)<Instruções!$B$5,"",AVERAGE(R129:V129)/Instruções!$B$6-Instruções!$B$7) | Z129: =IF(OR(W129="",X129="",Y129=""),"",AVERAGE(W129:Y129)) | AA129: =IF(Z129="","",IF(Z129>=Instruções!$B$8,"Manter",IF(Z129>=Instruções!$B$9,"Revisar","Descartar")))
A130: D4-12 | B130: D4 | C130: B24 | D130: Variante do item-base | E130: v3 | F130: Sinto-me confortável para ocupar e utilizar os espaços físicos, culturais e de lazer da instituição. | W130: =IF(COUNT(H130:L130)<Instruções!$B$5,"",AVERAGE(H130:L130)/Instruções!$B$6-Instruções!$B$7) | X130: =IF(COUNT(M130:Q130)<Instruções!$B$5,"",AVERAGE(M130:Q130)/Instruções!$B$6-Instruções!$B$7) | Y130: =IF(COUNT(R130:V130)<Instruções!$B$5,"",AVERAGE(R130:V130)/Instruções!$B$6-Instruções!$B$7) | Z130: =IF(OR(W130="",X130="",Y130=""),"",AVERAGE(W130:Y130)) | AA130: =IF(Z130="","",IF(Z130>=Instruções!$B$8,"Manter",IF(Z130>=Instruções!$B$9,"Revisar","Descartar")))
... A155: D4-37 | B155: D4 | C155: — | D155: Item novo | E155: v5 | F155: Sinto que as pessoas com quem interajo no campus me reconhecem por quem eu sou, me chamam pelo meu nome ao invés de só me ver como uma extensão do papel que eu cumpro dentro da universidade. | W155: =IF(COUNT(H155:L155)<Instruções!$B$5,"",AVERAGE(H155:L155)/Instruções!$B$6-Instruções!$B$7) | X155: =IF(COUNT(M155:Q155)<Instruções!$B$5,"",AVERAGE(M155:Q155)/Instruções!$B$6-Instruções!$B$7) | Y155: =IF(COUNT(R155:V155)<Instruções!$B$5,"",AVERAGE(R155:V155)/Instruções!$B$6-Instruções!$B$7) | Z155: =IF(OR(W155="",X155="",Y155=""),"",AVERAGE(W155:Y155)) | AA155: =IF(Z155="","",IF(Z155>=Instruções!$B$8,"Manter",IF(Z155>=Instruções!$B$9,"Revisar","Descartar")))
A156: D5 — Saúde Mental (dimensão proposta só na v2) RASCUNHO derivado dos itens (não consta nos documentos): condições de trabalho e suporte institucional para a preservação da saúde mental e do bem-estar do trabalhador.
A157: D5-01 | B157: D5 | C157: — | D157: Item novo | E157: v2 | F157: Identifico a existência de ações, programas ou canais formais de suporte à saúde mental e ao bem-estar promovidos pela universidade. | W157: =IF(COUNT(H157:L157)<Instruções!$B$5,"",AVERAGE(H157:L157)/Instruções!$B$6-Instruções!$B$7) | X157: =IF(COUNT(M157:Q157)<Instruções!$B$5,"",AVERAGE(M157:Q157)/Instruções!$B$6-Instruções!$B$7) | Y157: =IF(COUNT(R157:V157)<Instruções!$B$5,"",AVERAGE(R157:V157)/Instruções!$B$6-Instruções!$B$7) | Z157: =IF(OR(W157="",X157="",Y157=""),"",AVERAGE(W157:Y157)) | AA157: =IF(Z157="","",IF(Z157>=Instruções!$B$8,"Manter",IF(Z157>=Instruções!$B$9,"Revisar","Descartar")))
A158: D5-02 | B158: D5 | C158: — | D158: Item novo | E158: v2 | F158: Percebo que a cadência e a distribuição das tarefas no meu setor permitem a preservação da minha saúde mental ao longo da rotina de trabalho. | W158: =IF(COUNT(H158:L158)<Instruções!$B$5,"",AVERAGE(H158:L158)/Instruções!$B$6-Instruções!$B$7) | X158: =IF(COUNT(M158:Q158)<Instruções!$B$5,"",AVERAGE(M158:Q158)/Instruções!$B$6-Instruções!$B$7) | Y158: =IF(COUNT(R158:V158)<Instruções!$B$5,"",AVERAGE(R158:V158)/Instruções!$B$6-Instruções!$B$7) | Z158: =IF(OR(W158="",X158="",Y158=""),"",AVERAGE(W158:Y158)) | AA158: =IF(Z158="","",IF(Z158>=Instruções!$B$8,"Manter",IF(Z158>=Instruções!$B$9,"Revisar","Descartar")))
A159: D5-03 | B159: D5 | C159: — | D159: Item novo | E159: v2 | F159: Identifico a presença de pausas ou momentos de descompressão viáveis no decorrer da minha jornada de trabalho no campus. | W159: =IF(COUNT(H159:L159)<Instruções!$B$5,"",AVERAGE(H159:L159)/Instruções!$B$6-Instruções!$B$7) | X159: =IF(COUNT(M159:Q159)<Instruções!$B$5,"",AVERAGE(M159:Q159)/Instruções!$B$6-Instruções!$B$7) | Y159: =IF(COUNT(R159:V159)<Instruções!$B$5,"",AVERAGE(R159:V159)/Instruções!$B$6-Instruções!$B$7) | Z159: =IF(OR(W159="",X159="",Y159=""),"",AVERAGE(W159:Y159)) | AA159: =IF(Z159="","",IF(Z159>=Instruções!$B$8,"Manter",IF(Z159>=Instruções!$B$9,"Revisar","Descartar")))
A160: D5-04 | B160: D5 | C160: — | D160: Item novo | E160: v2 | F160: Encontro flexibilidade na rotina de trabalho para realizar e manter tratamentos ou acompanhamentos de saúde mental com profissionais externos. | W160: =IF(COUNT(H160:L160)<Instruções!$B$5,"",AVERAGE(H160:L160)/Instruções!$B$6-Instruções!$B$7) | X160: =IF(COUNT(M160:Q160)<Instruções!$B$5,"",AVERAGE(M160:Q160)/Instruções!$B$6-Instruções!$B$7) | Y160: =IF(COUNT(R160:V160)<Instruções!$B$5,"",AVERAGE(R160:V160)/Instruções!$B$6-Instruções!$B$7) | Z160: =IF(OR(W160="",X160="",Y160=""),"",AVERAGE(W160:Y160)) | AA160: =IF(Z160="","",IF(Z160>=Instruções!$B$8,"Manter",IF(Z160>=Instruções!$B$9,"Revisar","Descartar")))
A161: D5-05 | B161: D5 | C161: — | D161: Item novo | E161: v2 | F161: Percebo espaço de diálogo com a liderança ou chefia imediata para tratar de ajustes de demandas em períodos de maior desgaste emocional. | W161: =IF(COUNT(H161:L161)<Instruções!$B$5,"",AVERAGE(H161:L161)/Instruções!$B$6-Instruções!$B$7) | X161: =IF(COUNT(M161:Q161)<Instruções!$B$5,"",AVERAGE(M161:Q161)/Instruções!$B$6-Instruções!$B$7) | Y161: =IF(COUNT(R161:V161)<Instruções!$B$5,"",AVERAGE(R161:V161)/Instruções!$B$6-Instruções!$B$7) | Z161: =IF(OR(W161="",X161="",Y161=""),"",AVERAGE(W161:Y161)) | AA161: =IF(Z161="","",IF(Z161>=Instruções!$B$8,"Manter",IF(Z161>=Instruções!$B$9,"Revisar","Descartar")))
A162: D5-06 | B162: D5 | C162: — | D162: Item novo | E162: v2 | F162: Identifico receptividade e sensibilidade entre os colegas de setor em relação a situações de estresse ou vulnerabilidade vivenciadas no ambiente de trabalho. | W162: =IF(COUNT(H162:L162)<Instruções!$B$5,"",AVERAGE(H162:L162)/Instruções!$B$6-Instruções!$B$7) | X162: =IF(COUNT(M162:Q162)<Instruções!$B$5,"",AVERAGE(M162:Q162)/Instruções!$B$6-Instruções!$B$7) | Y162: =IF(COUNT(R162:V162)<Instruções!$B$5,"",AVERAGE(R162:V162)/Instruções!$B$6-Instruções!$B$7) | Z162: =IF(OR(W162="",X162="",Y162=""),"",AVERAGE(W162:Y162)) | AA162: =IF(Z162="","",IF(Z162>=Instruções!$B$8,"Manter",IF(Z162>=Instruções!$B$9,"Revisar","Descartar")))
A163: D5-07 | B163: D5 | C163: — | D163: Item novo | E163: v2 | F163: Consigo estabelecer fronteiras claras entre os compromissos do trabalho e os períodos de descanso e vida pessoal. | W163: =IF(COUNT(H163:L163)<Instruções!$B$5,"",AVERAGE(H163:L163)/Instruções!$B$6-Instruções!$B$7) | X163: =IF(COUNT(M163:Q163)<Instruções!$B$5,"",AVERAGE(M163:Q163)/Instruções!$B$6-Instruções!$B$7) | Y163: =IF(COUNT(R163:V163)<Instruções!$B$5,"",AVERAGE(R163:V163)/Instruções!$B$6-Instruções!$B$7) | Z163: =IF(OR(W163="",X163="",Y163=""),"",AVERAGE(W163:Y163)) | AA163: =IF(Z163="","",IF(Z163>=Instruções!$B$8,"Manter",IF(Z163>=Instruções!$B$9,"Revisar","Descartar")))
A164: D5-08 | B164: D5 | C164: — | D164: Item novo | E164: v2 | F164: Avalio que a estrutura de organização do meu trabalho atua de forma a prevenir o esgotamento físico e mental contínuo. | W164: =IF(COUNT(H164:L164)<Instruções!$B$5,"",AVERAGE(H164:L164)/Instruções!$B$6-Instruções!$B$7) | X164: =IF(COUNT(M164:Q164)<Instruções!$B$5,"",AVERAGE(M164:Q164)/Instruções!$B$6-Instruções!$B$7) | Y164: =IF(COUNT(R164:V164)<Instruções!$B$5,"",AVERAGE(R164:V164)/Instruções!$B$6-Instruções!$B$7) | Z164: =IF(OR(W164="",X164="",Y164=""),"",AVERAGE(W164:Y164)) | AA164: =IF(Z164="","",IF(Z164>=Instruções!$B$8,"Manter",IF(Z164>=Instruções!$B$9,"Revisar","Descartar")))
A165: D5-09 | B165: D5 | C165: — | D165: Item novo | E165: v2 | F165: Adoto rotineiramente práticas individuais direcionadas ao cuidado com a minha saúde física e mental no cotidiano. | W165: =IF(COUNT(H165:L165)<Instruções!$B$5,"",AVERAGE(H165:L165)/Instruções!$B$6-Instruções!$B$7) | X165: =IF(COUNT(M165:Q165)<Instruções!$B$5,"",AVERAGE(M165:Q165)/Instruções!$B$6-Instruções!$B$7) | Y165: =IF(COUNT(R165:V165)<Instruções!$B$5,"",AVERAGE(R165:V165)/Instruções!$B$6-Instruções!$B$7) | Z165: =IF(OR(W165="",X165="",Y165=""),"",AVERAGE(W165:Y165)) | AA165: =IF(Z165="","",IF(Z165>=Instruções!$B$8,"Manter",IF(Z165>=Instruções!$B$9,"Revisar","Descartar")))

Sheet Resumo
A1: Resumo do CVC por dimensão
A3: Dim. | B3: Nº de itens | C3: Itens avaliados (5 juízes) | D3: CVC clareza | E3: CVC pertinência | F3: CVC relevância | G3: CVC da dimensão | H3: Manter | I3: Revisar | J3: Descartar
A4: D1 | B4: =COUNTIF('Avaliação CVC'!$B$6:$B$165,A4) -> 36 | C4: =COUNTIFS('Avaliação CVC'!$B$6:$B$165,A4,'Avaliação CVC'!$Z$6:$Z$165,">-1") -> 0 | D4: =IFERROR(AVERAGEIFS('Avaliação CVC'!$W$6:$W$165,'Avaliação CVC'!$B$6:$B$165,A4),"") | E4: =IFERROR(AVERAGEIFS('Avaliação CVC'!$X$6:$X$165,'Avaliação CVC'!$B$6:$B$165,A4),"") | F4: =IFERROR(AVERAGEIFS('Avaliação CVC'!$Y$6:$Y$165,'Avaliação CVC'!$B$6:$B$165,A4),"") | G4: =IFERROR(AVERAGEIFS('Avaliação CVC'!$Z$6:$Z$165,'Avaliação CVC'!$B$6:$B$165,A4),"") | H4: =COUNTIFS('Avaliação CVC'!$B$6:$B$165,A4,'Avaliação CVC'!$AA$6:$AA$165,"Manter") -> 0 | I4: =COUNTIFS('Avaliação CVC'!$B$6:$B$165,A4,'Avaliação CVC'!$AA$6:$AA$165,"Revisar") -> 0 | J4: =COUNTIFS('Avaliação CVC'!$B$6:$B$165,A4,'Avaliação CVC'!$AA$6:$AA$165,"Descartar") -> 0
A5: D2 | B5: =COUNTIF('Avaliação CVC'!$B$6:$B$165,A5) -> 38 | C5: =COUNTIFS('Avaliação CVC'!$B$6:$B$165,A5,'Avaliação CVC'!$Z$6:$Z$165,">-1") -> 0 | D5: =IFERROR(AVERAGEIFS('Avaliação CVC'!$W$6:$W$165,'Avaliação CVC'!$B$6:$B$165,A5),"") | E5: =IFERROR(AVERAGEIFS('Avaliação CVC'!$X$6:$X$165,'Avaliação CVC'!$B$6:$B$165,A5),"") | F5: =IFERROR(AVERAGEIFS('Avaliação CVC'!$Y$6:$Y$165,'Avaliação CVC'!$B$6:$B$165,A5),"") | G5: =IFERROR(AVERAGEIFS('Avaliação CVC'!$Z$6:$Z$165,'Avaliação CVC'!$B$6:$B$165,A5),"") | H5: =COUNTIFS('Avaliação CVC'!$B$6:$B$165,A5,'Avaliação CVC'!$AA$6:$AA$165,"Manter") -> 0 | I5: =COUNTIFS('Avaliação CVC'!$B$6:$B$165,A5,'Avaliação CVC'!$AA$6:$AA$165,"Revisar") -> 0 | J5: =COUNTIFS('Avaliação CVC'!$B$6:$B$165,A5,'Avaliação CVC'!$AA$6:$AA$165,"Descartar") -> 0
A6: D3 | B6: =COUNTIF('Avaliação CVC'!$B$6:$B$165,A6) -> 35 | C6: =COUNTIFS('Avaliação CVC'!$B$6:$B$165,A6,'Avaliação CVC'!$Z$6:$Z$165,">-1") -> 0 | D6: =IFERROR(AVERAGEIFS('Avaliação CVC'!$W$6:$W$165,'Avaliação CVC'!$B$6:$B$165,A6),"") | E6: =IFERROR(AVERAGEIFS('Avaliação CVC'!$X$6:$X$165,'Avaliação CVC'!$B$6:$B$165,A6),"") | F6: =IFERROR(AVERAGEIFS('Avaliação CVC'!$Y$6:$Y$165,'Avaliação CVC'!$B$6:$B$165,A6),"") | G6: =IFERROR(AVERAGEIFS('Avaliação CVC'!$Z$6:$Z$165,'Avaliação CVC'!$B$6:$B$165,A6),"") | H6: =COUNTIFS('Avaliação CVC'!$B$6:$B$165,A6,'Avaliação CVC'!$AA$6:$AA$165,"Manter") -> 0 | I6: =COUNTIFS('Avaliação CVC'!$B$6:$B$165,A6,'Avaliação CVC'!$AA$6:$AA$165,"Revisar") -> 0 | J6: =COUNTIFS('Avaliação CVC'!$B$6:$B$165,A6,'Avaliação CVC'!$AA$6:$AA$165,"Descartar") -> 0
A7: D4 | B7: =COUNTIF('Avaliação CVC'!$B$6:$B$165,A7) -> 37 | C7: =COUNTIFS('Avaliação CVC'!$B$6:$B$165,A7,'Avaliação CVC'!$Z$6:$Z$165,">-1") -> 0 | D7: =IFERROR(AVERAGEIFS('Avaliação CVC'!$W$6:$W$165,'Avaliação CVC'!$B$6:$B$165,A7),"") | E7: =IFERROR(AVERAGEIFS('Avaliação CVC'!$X$6:$X$165,'Avaliação CVC'!$B$6:$B$165,A7),"") | F7: =IFERROR(AVERAGEIFS('Avaliação CVC'!$Y$6:$Y$165,'Avaliação CVC'!$B$6:$B$165,A7),"") | G7: =IFERROR(AVERAGEIFS('Avaliação CVC'!$Z$6:$Z$165,'Avaliação CVC'!$B$6:$B$165,A7),"") | H7: =COUNTIFS('Avaliação CVC'!$B$6:$B$165,A7,'Avaliação CVC'!$AA$6:$AA$165,"Manter") -> 0 | I7: =COUNTIFS('Avaliação CVC'!$B$6:$B$165,A7,'Avaliação CVC'!$AA$6:$AA$165,"Revisar") -> 0 | J7: =COUNTIFS('Avaliação CVC'!$B$6:$B$165,A7,'Avaliação CVC'!$AA$6:$AA$165,"Descartar") -> 0
A8: D5 | B8: =COUNTIF('Avaliação CVC'!$B$6:$B$165,A8) -> 9 | C8: =COUNTIFS('Avaliação CVC'!$B$6:$B$165,A8,'Avaliação CVC'!$Z$6:$Z$165,">-1") -> 0 | D8: =IFERROR(AVERAGEIFS('Avaliação CVC'!$W$6:$W$165,'Avaliação CVC'!$B$6:$B$165,A8),"") | E8: =IFERROR(AVERAGEIFS('Avaliação CVC'!$X$6:$X$165,'Avaliação CVC'!$B$6:$B$165,A8),"") | F8: =IFERROR(AVERAGEIFS('Avaliação CVC'!$Y$6:$Y$165,'Avaliação CVC'!$B$6:$B$165,A8),"") | G8: =IFERROR(AVERAGEIFS('Avaliação CVC'!$Z$6:$Z$165,'Avaliação CVC'!$B$6:$B$165,A8),"") | H8: =COUNTIFS('Avaliação CVC'!$B$6:$B$165,A8,'Avaliação CVC'!$AA$6:$AA$165,"Manter") -> 0 | I8: =COUNTIFS('Avaliação CVC'!$B$6:$B$165,A8,'Avaliação CVC'!$AA$6:$AA$165,"Revisar") -> 0 | J8: =COUNTIFS('Avaliação CVC'!$B$6:$B$165,A8,'Avaliação CVC'!$AA$6:$AA$165,"Descartar") -> 0
A9: Total | B9: =SUM(B4:B8) -> 155 | C9: =SUM(C4:C8) -> 0 | D9: =IFERROR(AVERAGE('Avaliação CVC'!$W$6:$W$165),"") | E9: =IFERROR(AVERAGE('Avaliação CVC'!$X$6:$X$165),"") | F9: =IFERROR(AVERAGE('Avaliação CVC'!$Y$6:$Y$165),"") | G9: =IFERROR(AVERAGE('Avaliação CVC'!$Z$6:$Z$165),"") | H9: =SUM(H4:H8) -> 0 | I9: =SUM(I4:I8) -> 0 | J9: =SUM(J4:J8) -> 0
A11: Itens únicos por dimensão e versão de origem (um item idêntico em várias versões conta em cada uma)
A12: Dim. | B12: v1 | C12: v2 | D12: v3 | E12: v4 | F12: v5
A13: D1 | B13: =COUNTIFS('Avaliação CVC'!$B$6:$B$165,$A13,'Avaliação CVC'!$E$6:$E$165,"*v1*") -> 11 | C13: =COUNTIFS('Avaliação CVC'!$B$6:$B$165,$A13,'Avaliação CVC'!$E$6:$E$165,"*v2*") -> 8 | D13: =COUNTIFS('Avaliação CVC'!$B$6:$B$165,$A13,'Avaliação CVC'!$E$6:$E$165,"*v3*") -> 10 | E13: =COUNTIFS('Avaliação CVC'!$B$6:$B$165,$A13,'Avaliação CVC'!$E$6:$E$165,"*v4*") -> 10 | F13: =COUNTIFS('Avaliação CVC'!$B$6:$B$165,$A13,'Avaliação CVC'!$E$6:$E$165,"*v5*") -> 10
A14: D2 | B14: =COUNTIFS('Avaliação CVC'!$B$6:$B$165,$A14,'Avaliação CVC'!$E$6:$E$165,"*v1*") -> 10 | C14: =COUNTIFS('Avaliação CVC'!$B$6:$B$165,$A14,'Avaliação CVC'!$E$6:$E$165,"*v2*") -> 9 | D14: =COUNTIFS('Avaliação CVC'!$B$6:$B$165,$A14,'Avaliação CVC'!$E$6:$E$165,"*v3*") -> 10 | E14: =COUNTIFS('Avaliação CVC'!$B$6:$B$165,$A14,'Avaliação CVC'!$E$6:$E$165,"*v4*") -> 10 | F14: =COUNTIFS('Avaliação CVC'!$B$6:$B$165,$A14,'Avaliação CVC'!$E$6:$E$165,"*v5*") -> 10
A15: D3 | B15: =COUNTIFS('Avaliação CVC'!$B$6:$B$165,$A15,'Avaliação CVC'!$E$6:$E$165,"*v1*") -> 10 | C15: =COUNTIFS('Avaliação CVC'!$B$6:$B$165,$A15,'Avaliação CVC'!$E$6:$E$165,"*v2*") -> 9 | D15: =COUNTIFS('Avaliação CVC'!$B$6:$B$165,$A15,'Avaliação CVC'!$E$6:$E$165,"*v3*") -> 10 | E15: =COUNTIFS('Avaliação CVC'!$B$6:$B$165,$A15,'Avaliação CVC'!$E$6:$E$165,"*v4*") -> 10 | F15: =COUNTIFS('Avaliação CVC'!$B$6:$B$165,$A15,'Avaliação CVC'!$E$6:$E$165,"*v5*") -> 10
A16: D4 | B16: =COUNTIFS('Avaliação CVC'!$B$6:$B$165,$A16,'Avaliação CVC'!$E$6:$E$165,"*v1*") -> 10 | C16: =COUNTIFS('Avaliação CVC'!$B$6:$B$165,$A16,'Avaliação CVC'!$E$6:$E$165,"*v2*") -> 9 | D16: =COUNTIFS('Avaliação CVC'!$B$6:$B$165,$A16,'Avaliação CVC'!$E$6:$E$165,"*v3*") -> 10 | E16: =COUNTIFS('Avaliação CVC'!$B$6:$B$165,$A16,'Avaliação CVC'!$E$6:$E$165,"*v4*") -> 10 | F16: =COUNTIFS('Avaliação CVC'!$B$6:$B$165,$A16,'Avaliação CVC'!$E$6:$E$165,"*v5*") -> 10
A17: D5 | B17: =COUNTIFS('Avaliação CVC'!$B$6:$B$165,$A17,'Avaliação CVC'!$E$6:$E$165,"*v1*") -> 0 | C17: =COUNTIFS('Avaliação CVC'!$B$6:$B$165,$A17,'Avaliação CVC'!$E$6:$E$165,"*v2*") -> 9 | D17: =COUNTIFS('Avaliação CVC'!$B$6:$B$165,$A17,'Avaliação CVC'!$E$6:$E$165,"*v3*") -> 0 | E17: =COUNTIFS('Avaliação CVC'!$B$6:$B$165,$A17,'Avaliação CVC'!$E$6:$E$165,"*v4*") -> 0 | F17: =COUNTIFS('Avaliação CVC'!$B$6:$B$165,$A17,'Avaliação CVC'!$E$6:$E$165,"*v5*") -> 0
A18: Total | B18: =SUM(B13:B17) -> 41 | C18: =SUM(C13:C17) -> 44 | D18: =SUM(D13:D17) -> 40 | E18: =SUM(E13:E17) -> 40 | F18: =SUM(F13:F17) -> 40
A20: Conferência: os totais por versão (41, 44, 40, 40, 40) batem com o arquivo build_corpus_correction.py.
